"","title","point","review"
"1","어린 의뢰인","10","실화를 모티브로 한 영화, 배우들의 연기는 물론 스토리까지 극중 연기자에 완벽히 몰입되어 계모 욕까지 나오는 몰입도 좋은 영화입니다"
"2","컨택트","10","자신의 일생을 다 볼 수 있다면 당신의 인생을 바꾸시겠어요?모든 여정을 알면서도 그 끝을 알면서도 모든 순간을 기쁘게 받아 들인다."
"3","수상한 그녀","9","가족끼리 재밋게봄 15세까진 아닌생각든다 12세도 봐도 됌ㅋㅋ"
"4","작은 아씨들","10","너무 좋다.... 영화관에서 못 본게 한이 될 것 같지만 집에서 보는 것조차 좋았음.."
"5","라이크 크레이지","6","어장관리의 필요성과 일반적으로 세컨드가 더 섹시하고 매력있다는걸 잘 보여줌"
"6","제인 도","9","진짜 공포 영화로 수작임 기승전결 좋음"
"7","라라랜드","10","음악이 너무 아름다워요"
"8","감기","8","좀 영화가   도움은되었는데 좀  잔인했다  사람을 어떻게 태울수있지?안죽은사람까지그래도   감염은   코로나19랑비슷하다"
"9","실종","10","남자 납치당하고 강간당하고 죽이고 하는 거 찍으면 남자가 되게 불편해한다고 생각하는 거 같은데 막상 봐도 아무런 느낌도 안들어ㅋㅋㅋ 물론 남자가 남자를 강간하는 거면 눈살 찌푸러지고 역겹지 애초에 그건 게이 야동이지 않을까? (너희가 좋아하는거 ㅋㅋ)남자 아무리 죽여봐야 별 느낌 안 든다 꼴페미들아 ㅋㅋ결론은 게이 영상 보는 게 더 역겹지 너희들이 원하는 반대 입장 영화 찍어봐야 별 느낌 안 든다고 ㅋㅋ2010년도부터 꼴페미들이 불어나기 시작햇다는게지금와서보니 너무 놀랍다 ㅋㅋ영화는 영화일 뿐 너무 심취하지 말자 꼴페미 멧돼지들아 ㅋ 막상일어나도 안심하라고 너희가 납치당할일은 다음생에도 없을태니 ㅎㅎ"
"10","열한번째 엄마","10","좋은 영화네요. 인물들이 처한 현실이 너무나 리얼합니다. 보는 내내 마음이 아팠어요. 배우들의 연기도 너무 훌륭하고요."
"11","비상 계엄","9","믿고보는 덴절의 연기력. 지금의 시선에도 어색함이 없는 스토리."
"12","바이올렛 에버가든 - 영원과 자동 수기 인형 -","10","다음 극장판이 기대 됩니다"
"13","신문기자","9","일본특유의 답답한 전개가 있긴했지만, 껍데기만 민주주의인 일본 언론환경에서 이런 소재를 기획한것에 점수를 주고싶다. 더군다다 심은경이라는 배우를 캐스팅 한것도 영화를 좀더 재미있게 볼수 있는점인것 같다.앞으로 일본이 전체주의시스템에서 민주주의 언론환경이 되었으면 한다."
"14","앵그리 버드 2: 독수리 왕국의 침공","9","생각 보다 웃기고 재밌다 6점부턴 알바인듯하다  유치하지 않은 개그ㅋㅋ 밥이 춤출때 빵터졋다"
"15","명탐정 코난: 감청의 권","6","점점 이게 코난인지 드래곤볼인지... 남은건 키드뿐"
"16","너의 이름은.","10","진짜 강추입니다 무조건 보세요 그냥"
"17","살인의 추억","9","근데  봉준호감독작에는  송강호가  많이나오는것같다"
"18","락아웃: 익스트림미션","10","재밋는데 평점 보소 여주이쁘고 남주 존멋탱"
"19","월드워Z","10","2시간이 어떻게 지나갔는지 모르겠어요 이런 재밌는 영화가 만들어져서 정말 행복합니다"
"20","버즈 오브 프레이(할리 퀸의 황홀한 해방)","10","유쾌하고 재미있게 잘 보았다. 특히 할리퀸의 액션이 돋보였다. 고난이도의 브리지와 발차기가 인상적이였다. ost도 귀에 쏙쏙 들어오고 신선하고 지루할틈 없었다."
"21","영웅","10","최고의 영화 중 하나입니다!"
"22","교회오빠","10","이거 꼭 보고 싶은데.. 재개봉 날짜 미뤄졌네요 다운 받을 수 있게 판매하실 수 없나요!!!!"
"23","기생충","10","역시  봉준호감독 작이니  명작이네명작   근데   청불아님?"
"24","청년경찰","3","초반좀보고 괜찬네~ 싶다가 중반 부터 납치돼고 웃음 없어지네.. 아니 그래도 이게15세 일수가 잇나? 이 영화 만든사람 자식들 15세 되면 한번보여줘봐라 좀.. 10점준분들중 대부분은 알바들 같다...--"
"25","어린 의뢰인","10","완전 펑펑운 영화 ㅠㅠ 죽이고싶엇다ㅠ"
"26","도리화가","2","수지 알바들아 작작해라.. 노잼인건 노잼인거다"
"27","용길이네 곱창집","7","토키오가 그렇게 왕따 이지메를 당해서 맨날 맞고 결석하는데도 해결은 안해주고 무조건 학교를 가라고 하면 애가 힘들어서 버티겠냐?? 적어도 해결을 어떻게 해줄테니까 좀만 참으라든지, 뭔가 해결하려는 노력이라도 보여줘야 애가 버티지. 자살 안하고 버티냐?? 그 부분에서 답답해 죽는줄. ㅉ ㅜㅜ"
"28","트리플 엑스","9","그러게 담배 좀 끊어라니까~!"
"29","월드워Z","7","미국은 월드워z를 만들고 한국은 부산행을 만든다. 선진국과 중진국의 차시"
"30","정직한 후보","2","예고편이 다였다...."
"31","바이올렛 에버가든 - 영원과 자동 수기 인형 -","10","하아....역시는 역신가 봅니다 오져버리는 미친 작화에 성우진들.... 진짜 미쳤어요!!!!(By 바이올렛 에버가든이 최애인 사람)참고로 화재에도 불구하고 이렇게 멋진 극장판 만들어주신 쿄애니 관계자 분들 감사드립니다...그리고 삼가 고인의 명복을 빕니다..."
"32","독전","8","아 긴장감 리얼 쩔게 만드네~ 이렇게 한순간도 긴장감있고 의문의 이선생 때문에 영화보는 내내 쫄깃했고 재밌음."
"33","스파이더맨: 파 프롬 홈","7","'찌리릿'으로 한계를 넘어선 스파이더맨의 액션은 확실히 볼 만하다. 하지만 관객의 최고 찌리릿이 쿠키 영상에 기인한다는 건 영화의 한계이기도 하다. 이웃을 구하는 친절한 이웃이 세상을 구하는 슈퍼히어로가 되는 과정엔 결여된 것도 있다. 이야기보다는 캐릭터, 캐릭터보다는 배우의 멋."
"34","맘마미아!","8","진짜 뮤지컬이라 스토리에 상대적으로 덜 신경써서 그렇지 개막장스토리네요ㅋㅋㅋ 넘버는 좋습니다"
"35","어린 의뢰인","10","영화가 실제사건보다 더 잔인한줄 알았는데 실제사건이 훨씬 잔인해서 놀랬다. 악마 실업자 만들년 퉤퉤"
"36","마루 밑 아리에티","9","OST, 영상미 모두 훌륭하고 너무나 매력적인 아리에티"
"37","빅쇼트","10","문재앙에게 보여주고 싶은 영화랄까"
"38","초인","10","여주 예쁘다 생각 했는데 김옥빈 동생이었네."
"39","마녀","10","이태원 클라쓰를 보고 김다미 배우님을 찾아 영화 마녀를 보았습니다.와~ 내가 찾던 거네요마녀2도 너무너무 기대되네요~"
"40","의뢰인","2","ㅈ노잼 진심 반이상은 보다가 껐다 아디덴티티 보러감"
"41","그린 북","10","예상치 못한 재미와 감동. 인생영화 중의 하나!!"
"42","어벤져스","8","많은 양을 채워놓아서 흘러넘치기 직전의 영화약간 루즈하지만 최고다"
"43","평양성","7","지금보니 배우 라인업은 쥑이네 ㅋㅋ"
"44","82년생 김지영","1","좀비를 피해서 부산에 내려가 딸을 낳구, 그곳 남자(1편에 나온 증권사 매니지먼트랑 닮았음)랑 재혼을 했는데, 집안일만 하다가 몸이 이상해진다는 내용."
"45","엑시트","1","이런게 942만이라고???...영화 보는 수준 진짜 낮다...안봤으면 굳이 안봐도 됩니다...이거 보느라 투자한 시간이 아까워..."
"46","아이언맨","9","장대한 시리즈의 첫 시작점"
"47","사냥의 시간","10","캐스팅 진짜 미쳤다ㅠㅠㅠ 빨리 보고싶음"
"48","브이아이피","10","하 진짜 페미들 난또하도 ㅈㄹㅈㄹ하길래 얼마나 심한가했다 진짜 그놈의 유난 아휴 ㅋㅋ 이종석의 변태또라이 설정을 납득시키기위한 장치일뿐이지 이게왜또 여자가 나오고 감독의 성향얘기가 다 나와 ㅋㅋㅋ 그래서 영화나온여자분 진짜 강간당했어??? 아니잖아 연기잖아 하 OO그놈의 젠더감수성 진절머리가난다 그럼 영화에서 남자들이 다 총맞아OOO건 남성혐오아니냐 걸스캔두애니팡인데 어째저런 위험한수사에늘 여경은 코빼기도안보이냐 영화나 실제로나 ㅋㅋㅋ 우리나라에선 영화도이젠 페미들눈치보면서만들어야된다 82톤 김지영 평점은 진짜 ㅋㅋㅋ어휴"
"49","미스터 주: 사라진 VIP","2","평점왜이래 하... 평점 보고 vod구매할걸 부모님 무료해하셔서 보여드린다고 vod만구매해서 틀어놓고 나왔는데.. 하 조금더찾아볼걸"
"50","알리타: 배틀 엔젤","10","여운처럼 남아있다 알리타...2편이 빨리 나오길..."
"51","슬럼독 밀리어네어","9","운명은 만들어 나가는것"
"52","센과 치히로의 행방불명","10","이영화는인생영화죠 너무 재밌고 감동적이에용"
"53","더 캡틴","8","흑백영화 별로 안좋아하는데스토리도 흥미롭고 변해가는 주인공의연기력이 좋았다"
"54","정직한 후보","10","시간가는줄모르고 봤네요 감동도있고 새로운소재로 재밌었어요^^"
"55","셰이프 오브 워터: 사랑의 모양","10","볼 때마다 눈물만 난다 아름다움의 극치"
"56","호빗: 다섯 군대 전투","10","반지만큼은 아니어도 정말 탁월하다"
"57","빌리 엘리어트","9","꿈은 이루어진다는 명제를 증명한 영화.꿈은 혼자 꾸지만 누군가 곁을 지켜주지 않으면 끝까지 꾸기 힘들다는..."
"58","최종병기 활","1","0점 짜리 표절 영화ㅋㅋㅋ"
"59","블루 발렌타인","8","결혼전에는 사랑으로 모든걸채우고, 결혼후에는 모든걸 걸어서 사랑을 채운다."
"60","이장","10","내가 원했던 영화가 이런 것. 유쾌하면서도 현실의 문제를 꼬집는 똑똑한 영화!"
"61","블루 재스민","10","케이트 블란쳇의 진짜 끝내주는 연기 볼때마다 슬프다 그야말로 파란만장한 재스민의 인생 마지막 장면은 영원히 잊을 수 없을듯."
"62","연평해전","10","이러한 상황이 좌파정권에의해 언제 일어날지 두렵다"
"63","아메리칸 파이 3 - 아메리칸 웨딩","8","기존의 아메리칸파이1,2의 특유의 느낌이 사라진거같아서 다소 아쉽지만ㅠㅠ그래도 유쾌하고 웃겨서 8점! 다좋았는데 스티플러가 똥먹는장면에서 정말 매스껍고 토할뻔했다..대체 왜그런 장면을 오랫동안 보여준건지;; 그리고 주요정보에 쓰인 줄거리에는 스티플러의 엄마를 두고 싸우는데, 실제로는 미쉘의 여동생을 갖고 경쟁한다;; 잘못써있음"
"64","파파로티","9","김호중 이야기라고 해서 두번 봄. 처음엔 착잡했으나 두번째 김호중의 음악과 삶의 이력에 대해서 좀더 알고 나서 보니 진짜 감동이었음. 이제 독보적 국민가수의 꽃갈만 걷길! 초심을 잃지 라고 책도 좀 읽어가면서.^^끝까지 응원한데이~~"
"65","지푸라기라도 잡고 싶은 짐승들","6","안타깝지만 이제 집에서 시청할수을 있기을 바랐니다."
"66","굿 라이어","9","두 배우의 연기력을 보기만 해도 충분한 영화."
"67","콩: 스컬 아일랜드","6","Kong: Skull Island"
"68","끝까지 간다","10","굳, 수작.추천할만한, 누가봐도 재있을만한 영화."
"69","바이올렛 에버가든 - 영원과 자동 수기 인형 -","10","이름을 부르는 것으로 인연은 계속된다. 너무 좋다."
"70","용쟁호투","9","지하감옥과 거울방에서 형님이 펼치는 액션은.. 모든 소년들의 로망이다!"
"71","시원찮은 그녀를 위한 육성방법 피날레","10","카토를 위한 코토에 의한 카토의 애니.사에카노의 마지막 피날레.오늘도 카토는 커여움."
"72","찬실이는 복도 많지","10","감독님 앞으로도 쭉 영화 해주세요"
"73","13시간","10","숨기고 또 숨기고 미국은 그들에게 무엇을 원했는가? 결국 희생할걸 알면서 뛰어든 그들. 그들은 용병이자 한 나라에 군인이다."
"74","인비저블맨","5","20년전 개봉한 할로우맨이 더 낫다는 느낌"
"75","스타 이즈 본","10","스토리가 탄탄하고 레이디가가 연기가 너무 놀라웠음.."
"76","그 누구도 아닌","9","힘든 순간을 살아내고 결국 스스로 선택해내는 여성들의 의지"
"77","조커","10","조커 보고나서 가족들도 봤으면 해서 집 티비로 구매해서 같이 봤는데 다들 영화가 너무 우울하다 심오하다 별로다 이런 말만 했는데 난 그 반대로 우울해서 좋았고 심오해서 좋았고 그거에 위로받고 공감했는데 왜 이 영화 싫어하는지 모르겠다"
"78","정직한 후보","7","일단 코믹은 솔직히 라미란 덕분인듯. 하지만 전반적으로 우리나라 국회의원에 대한 고발을 유쾌한 방식으로 풀어낸 것이 좋았음. 가벼우면서도 무거운 내용을 적절한 시기에 잘 다룬듯. 하지만 마지막 맺음이 좀...."
"79","부산행","10","오랜만에 다시 봤는데도 여운이 길게 남네요.."
"80","그 누구도 아닌","9","자신을 혹은 자신 주변을 위한 마지막 선택"
"81","목소리의 형태","10","마지막에 감동해서눈물남"
"82","화이트 히트","8","강렬한 엔딩으로 유명한 느와르의 고전"
"83","지. 아이. 제인","10","1년에 한 번은 꼭 봐야하는 영화"
"84","걸어도 걸어도","10","가족이라는 틀 안에서인간 내면을 여실하게 보여준다다시보게되는 영화.."
"85","아이 필 프리티","10","계속 배꼽잡고 보다가 마지막엔 울었음"
"86","클로젯","1","결말... 하정우 연기력... 정말 최악"
"87","챔피언","1","보다가 도저히 못 보겠어서 껐다"
"88","속닥속닥","2","15분째 보고있는데 너무 재미없다. 지루하고."
"89","힛쳐","1","스토리 전개 고구마 백만 25개, 연기는 범인 역할 빼곤 별 0.5개, 연출은 별 1개 ...이런 쓰레기 수준의 영화 ... 그냥 한마디로 별 1개도 아까운 시간낭비. 시간 버리고 싶은 사람은 보길. 텍사스의 황량한 배경은 볼만하다."
"90","온다","10","아씨...무서워. 난 이제 곧 마흔인데..무섭다고.그와중에 화면은 왜그리 이쁜건지 원..."
"91","열화전차","10","천장지구와 더블어 최고의 명작  극중 유덕화 NSR500  바이크는 유덕화 만큼 정말 예술 그자체"
"92","천안함 프로젝트","1","종북주의 대깨문들은 항상 이런 가짜뉴스 선동만 한다."
"93","1917","10","이거 관객수 왜이래 진짜??"
"94","바이올렛 에버가든 - 영원과 자동 수기 인형 -","10","간만에 작화 이쁜 감성 애니~~ 안그래도 코로나때문에 메마른 감성.. 잠시나마 마스크하고 극장에서 달래고 와야겠네요~ㅎㅎ"
"95","과속스캔들","8","훈훈하면서도 즐거운  영화엿습니다"
"96","기도하는 남자","10","일단 점수주고 보자 3억5천들었다는데..그에 비하면 최고다"
"97","연평해전","10","우리나라의 주적은 북한입니다. 북괴군을 격파하자"
"98","페임","2","1980년 원작과 비교해 봤을 때 리메이크작은 뭔가 밋밋한 느낌을 지울 수가 없다. 리메이크작에서는 이후 뜬 배우들도 없다. 뭔가 미흡한 기분이 드는 마지막 뒤끝은 극 내내 파워풀한 뭔가가 없었기 때문이다. 그냥 끼워붙이기 식으로 영화 필름을 연결하면 그런 느낌이 들 것이다. 꿈을 좇는 어린 학생들의 몸부림을 잘 표현해 냈다고 보기에는 좀 그렇다. 능력있는 알란 파커의 솜씨에는 못 미치는 감독 케빈."
"99","결혼 이야기","6","남자는 대체 무슨죄냐..."
"100","온다","10","츠마부키 사토시 연기 너무 좋습니다. 갈수록 너무 잘하시는 듯~^^"
"101","시동","9","해인이 이런 가볍고 귀여운 역할 종종 해주라. 마동석 개웃겨 ㅋㅋㅋ반점 주인 아저씨 돌려 웃기기 ㅋㅋㅋ"
"102","1917","10","기절한 후 깨어나 창밖을 바라보며 조명탄이 비치는 장면은 황홀하기 까지 하였다."
"103","알리타: 배틀 엔젤","10","기대 안 하고 봤는데 2시간짜리임에도 불구하고 시간 가는 줄 모르고 봤음. 다만 후속작이 있어서 그런지 본편 결말이 똥 안 닦고 화장실 나온 기분임"
"104","바이올렛 에버가든 - 영원과 자동 수기 인형 -","10","쿄애니 명성에 걸맞는 애니!!"
"105","미드웨이","6","구경거리로써의 스펙터클은 이견이 없지만 이건 두시간이 넘는 영화다. 중간중간 조금 지루하다."
"106","록 스탁 앤 투 스모킹 배럴즈","10","재기발랄하고 경쾌하며 계속되는 의외성이 마지막까지 간다."
"107","마녀","10","한국에서 흔하지 않은 판타지에 김다미 배우의 연기가 정말 좋았음. 이런 영화 많이 나왔으면 ㅠㅠ"
"108","연평해전","10","기억합니다 3.26 pcc772"
"109","주디","10","생전 모르던 사람이 이렇게 안타까울수가..."
"110","용길이네 곱창집","3","국민감성 건드려서 돈벌려면 좀 신경좀 쓰지. 배우들이 잘해서 끝까지 볼수 있었다. 나래이션으로 회상하면서 이야기해주듯 시작하더니, 중간에 죽어서 귀신이 나래이션을 한건가 착각했다. 고향을 그리워하는 부모의 모습보다 무능함이 더 부각된것 같다. 결혼한 딸이 가게에서 딴놈과 있는데 모른척하고, 결국 이혼할 지경에 남편이 누나를 좋아한다고 하고, 그렇게 좋아하는데로 엮어주고. 뭐니? 가족애니? 그냥 고향 그리워하는건 얹여좋은거잖아."
"111","온다","10","따뜻한 봄에도 스산한 공포가 스며든다...."
"112","온다","10","사운드도 좋고 스토리도 좋아서 잘봤어요.  좀 무서웠어요^^"
"113","온다","10","일본판 곡성ㅠㅠ 기대보다 연출이 훨씬 뛰어난 작품"
"114","온다","8","믿고보는 감독님...!"
"115","온다","10","몰아치는 공포가 현실감있게 다가온다"
"116","사랑하고 있습니까","10","그냥 재밌는 영화 나왔네요 김소은 이뻐요 성훈 멋져요"
"117","온다","9","간만에 신선한 공포영화를 본 듯."
"118","온다","10","ㅋㅋㅋㅋ엄마랑 자야겠다.."
"119","온다","10","와..이건 글로 설명하기 어려운데  영상미랑 사운드, 스토리까지 미쳤다는 말 밖엔"
"120","온다","10","소름 돋는다...."
"121","울프 콜","1","댓글알바가 없어져야 나라가 산다..."
"122","나, 다니엘 블레이크","10","사회적 약자를 돕기위한 제도는 약자에겐 전혀 친절하지 않다 ㅜㅜ"
"123","사랑하고 있습니까","1","오글거리는 시나리오와 발연기의 환상적 껄래보뤠이션!!! 내 인생 최악의 로맨틱코미디 영화임에 틀림 없다. 궁금하면 꼭 보세요!!! (나만 당할 수 없지)"
"124","사랑하고 있습니까","10","잔잔한 여운이 남습니다 :)"
"125","사랑하고 있습니까","10","잔잔하고 담백해서 편히 볼 수 있는 영화 ! 피식피식 웃게되는 부분도 있고 막 시작하는 연인들이 보면 좋을 것 같은 ~ 첫 연애의 서툴렀던 감정들이 떠올라 20대를 회상하게 되는 영화였어요 ㅎㅎ 여운이 좀 남는 그런 영화~ 소은은 귀엽고 성훈은 너무 잘생기고 웃을 때 마다 사르르 녹아내림"
"126","미드소마","4","짙은 의도성 때문에 기괴함이 기괴하지 않음추상적인 몽환을 따라가다 우주로 가버림그냥 예쁜 영상미,자연 보려면 보세요"
"127","스케어리 스토리: 어둠의 속삭임","2","원작이 무섭대서 솔직히 기대하고 봤는데 잘 뻔 했다,,,너무 지루함ㅠ 영화관에 나랑 친구 말고는 아무도 없었던 게 더 소름"
"128","주디","10","희망, 감동, 사랑, 종합 선물세트! 지금 우리에게 필요한 응원의 메시지"
"129","나잇 & 데이","10","진짜 이영화는 더 대박 낫어야했다 스파이 연애코믹물로는 최고 대사 하나하나도 넘 재밋음 이 영화는 재미 없을수가 없음"
"130","작은 아씨들","9","인생의 유년기와 청춘의 시간을 불러내어 결국 눈물나게 만드는 영화."
"131","고양이의 보은","10","너무귀여워ㅠㅠㅠㅠ그냥 다 귀여워"
"132","스케어리 스토리: 어둠의 속삭임","6","크리쳐 퀄리티는 정말 혐오스럽고 눈꼴사나울정도로 너무 좋았습니다.  하지만 영화자체는 그이상이 없고 이하만 가득합니다ㅠ 보면서 'it'이랑 비슷한느낌을 받았는데 진짜 하의호환 느낌이었구요   그냥 예고편 보셨으면 영화 안봐도 될정도에여. 그게 다입니다...."
"133","사랑하고 있습니까","10","어려운 요즘같은 시기에 따뜻하고 달달한 느낌을 느낄 수 있는 영화입니다 복잡하지 않고 그냥 영화의 스토리라인을 그대로 따라가다 보면 어느새 웃고 있고 있더군요 추천합니다"
"134","007 골든 아이","8","탈냉전 초기 다소 한가하던 제임스 본드가 활동개시!로씨아를 뒤집는다!"
"135","감기","1","코로나 때문에 생각나서 넷플릭스로 봤는데 뭐지....어...CG도 발퀄이라 웃긴정도 ㅋㅋㅋㅋ개암걸리는캐릭터들+뻔한스토리+답답한전개=암이 암에걸려서 암이 나았다"
"136","사랑하고 있습니까","10","오랜만에 재밌는 영화 나왔네요"
"137","블랙머니","1","실제 있었던 사건인데도 기본적인 사실관계 조차 외곡된 가짜 ...  자산은 부채를 포함한 개념인대 ... BIS 비율만 다루지 쓸대 없이 너무 허위가 많이 들어갔다. 차라리 드라마 머니게임이 더 낫지..."
"138","버즈 오브 프레이(할리 퀸의 황홀한 해방)","10","타격감 좋은 액션이 좋았다. 영상미도 너무 좋았고 내 첫 인생영화로 등극"
"139","화이트 라이언 찰리","10","마음이 따뜻해 지고 아파오네요"
"140","모리의 정원","10","어지러운 마음 안에 소박한 중정을 만들고 쉬게 만드는 작품."
"141","마음의 행로","10","꼭 볼 가치가 있는 영화로 추천합니다. 어릴 때 봤고 지금도 마음에 남은 영화"
"142","화양연화","9","중점되는 두 주인공에 시선을 맞추고,다른 배우자들을 보여주지 않아주인공의 감정만을 느낄 수 있어 좋았다.옛날에 보면 답답할 수도 있었겠지만,이제 보게 되니 여백을 느낄 수 있었다."
"143","싱글라이더","5","좋은 의도였으나 이야기 전개가 뭔가 아쉽다."
"144","크림슨 타이드","6","어제 잠수함 액션 영화인 '울프콜'을 재미있게 본 후 또 한 번 잠수함 영화에 도전해 보고자 20년이 넘은잠수함 영화의 전설이라고 불리우는 이 작품을 보았는데 역시 영상면에서 세월의 흐름은 무시할 수 없었다.두 영화의 공통점은 대통령의 핵미사일 발사명령을 취소하는 과정에서 벌어지는 우환이 주된 소재.차기작으로는 실제로 잠수함에서 핵미사일을 발사하여 대륙에 핵구름이 피어오르고 낙진이 쏟아지는 좀 더 흥미있는 스토리의영화를 기대하고 싶다. 러시아 잠수함에 들어가 본적이 있는데 정말로 열악하고 답답하다. 그 속에서 생활하는 실제인물들이대단하다라는 생각이 들었다. 무튼 더 발전되고 재미있는 후속작을 기대해 본다. 세계 3대 영향권자는 미통, 러통, 핵잠장이었구나."
"145","화이트 라이언 찰리","10","아프리카에 관심이 많았는데 정말 좋은 영화네요 마구 추천해주고 싶은 영화"
"146","화이트 라이언 찰리","10","전 세계 모든 사람들이 꼭 봤으면 좋겠다."
"147","라플라스의 마녀","10","일본영화는 특유의 매력이 있고 감성이 있어서 대체적으로 괜찮은 것 같다."
"148","사랑하고 있습니까","10","마법같은 판타지 로맨스로 감동적이고 재밌네요^v^ 영화 OST도 좋네요^^"
"149","원스 어폰 어 타임 인 아메리카","10","더이상의 말이 필요없는 영화"
"150","인비저블맨","1","이거 진짜 알바생들만 글쓴거같네....다들 보세요.나만 시간 버릴 순 없지"
"151","주디","10","오버더레인보우 나올때 눈물이.. 르네 젤위거 짱"
"152","백두산","8","영화 볼만함 . 일베충들 평점 테러땜에 너무 낮지만 평점 7점대 정도 영화라고 봐짐.. 배우들 화려하고 다만 돈쓴거에 비해 좀 아쉽다"
"153","스케어리 스토리: 어둠의 속삭임","6","동화와 현실의 접점을 신비로우면서도 공포스럽게 그리는 영화를 오랜만에 즐겨서 좋았지만, 서사의 밀도나 캐릭터의 매력은 좀 아쉬웠다. 특히 <데스티네이션>식 전개는 헐리우드 B급 호러물을 떠올리게 하더라."
"154","주디","10","미쳤당. 최고의 연기와 시나리오"
"155","13층","8","개봉당시에는 엄청 신선했을 듯. 근데 지금 보기에는 그닥 신선하지는 않다...."
"156","클로젯","1","벽장 안에 숨고 싶네요... 하"
"157","힘을 내요, 미스터 리","10","10번봐도 안 지루한 영화"
"158","바이올렛 에버가든 - 영원과 자동 수기 인형 -","10","쿠팡맨, 행복을 전해주는 기억하겠습니다."
"159","모리의 정원","8","잔잔하게 물들다가 마음이 녹는다. 소박하지만 풍요롭고, 따스하면서도 애틋한 모리와 히데코의 일상. 지금 내가 잃어버린 게 무엇인지 생각하게 만든다."
"160","정직한 후보","4","조연부터 모두다 배우 연기나 대본은 좋았으나... 김무열 붕붕 날아다니는 장면으로 설명 되는 날림 연출... 부라더 이후로 변한게 없음. 배우와 대사쓴 작가들만 불쌍하더라."
"161","스케어리 스토리: 어둠의 속삭임","10","판타스틱하다 손나은 쥬연 여곡성 리메이크 이후 최후의 수작이다. 한시도 눈을 뗄수 없었다 시계에서...꼭 영화관에서 보길 바란다 그래야 공포감이 극대화 된다!! 영화에 몰입해서 보다보면 문득 등줄기에 식은땀이 흐르고 내가 이 영화를 돈내고 보고 있다는 생각에 온몸에 소름이..."
"162","복수는 나의 것","9","사이코 연쇄 살인범의 은폐된 욕망을 그린 범죄, 드라마영화다. 사키 류조의 동명소설을 원작으로 한 영화다. 1960년대 일본에서 있었던 연쇄살인사건을 배경으로 한 작품이다. 인간 본능을 주제를 주로 다루는 명장 '이마무라 쇼헤이'감독의 1979년 작품으로 2004년에 개봉된 영화다. 1980년 일본 아카데미 작품상, 감독상, 조연상, 각본상, 촬영상, 조명상을 수상한 영화로 일본영화의 전성기를 엿볼 수 있는 대표적인 명작이다. 이유도 윈인도 없는 살인, 사기, 절도를 저지르면서도 인간만이 가지는 온정라고는 조금도 찾아 보기 힘든 희대의 살인마. 과연 누가 이괴물을 만들었을까. 어릴적 아버지가 천황에게 배를 헌납한 것에 대한 복수 때문일까, 아니면 아버지의 위선적인 행동에 대한 반감때문일까도 생각해 봤지만 설득력이 부족하다. 인간은 천부적으로 은폐된 악마적인 성품을 가지고 태어난다는 성악설을 결부시켜 보아도 해답이 없는 오직 신만이 아는 영역인 듯하다. 아뭏튼 이영화는 감독의 역량이 그대로 발휘된 작품으로 봉준호 감독이 존경할만한 감독이며 작품이다. 살인의 추억이 이영화에 영감을 받지 않았나 싶다. 1983년 '나라야마 부시코' 1997년 우나기'로 두번의 칸 황금종려상을 수상한 감독으로 가장 최근의 작품은 2001년의 붉은 다리아래 따뜻한 물이다. 2006년에 작고했지만 그가 남겨 놓은 명작은 일본영화계뿐만 아니라 세계영화계의 위대한 업적임에 틀림없다. 필자는 평점 9점을 남겨 본다."
"163","온다","8","그것은 사람 마음속 어둠에 온다"
"164","클로젯","8","재밌내요 있을꺼 다 있는 영환데 평점이 왤케 낮지"
"165","이장","10","제 주변에 있을 것 같은 언니들의 모습이 어찌나 공감되던지요. 완전 내얘기야 하면서 초집중하며 본 영화 같아요! 가족에 대해서 다시 생각해볼 수 있는 계기였고 지루함 전혀 없었어요!"
"166","이터널 선샤인","5","속는셈치고 봤는데 역시는 역시였다~~명작이라고하기엔너무 턱없이 부족했음~~"
"167","커런트 워","7","그 시대 표현을 잘 해놓은 과학 위의 철학의 인생사"
"168","스케어리 스토리: 어둠의 속삭임","2","노잼"
"169","9/11","7","한물간 배우들의 진지한 연기"
"170","청년경찰","6","스피드하고 코믹한 버디무비다. 박서준 강하늘 두 배우의 케미와 훈훈함이 인상적이었다. 하지만 스토리에서 여성이라는 성을 다루는 데 있어 성인지 감수성이 부족하고 조선족에 대한 안 좋은 이미지를 더욱 강화시킨 건 조금 아쉬운 부분이다. 단순히 웃고 즐기는 오락영화라고 하기엔 불편한 지점들이 있지만 재미라는 부분만 놓고 본 다면 성공이라고 말할 수 있다고 본다."
"171","이웃집에 신이 산다","1","지루함. 프랑스영화종특인듯. 룩셈부르크랑 벨기에는 영화성자체가 없다고 보면됨. 우선 전개느려터짐. 작품성이라도 좋으면 참고 보지 작품성도 떨어짐 개연성은 처참함. 철학전공자로써 주제도 앞뒤가 안맞음 일단 무엇보다 이거보면 고구마 먹는 기분이 계속 되는데 빨리감기 하면서 봐야됨. 손가락책상신이 이영화 상징임 존나 볼것도없는데 질질 끔. 재미도없는 한명한명 이야기로 질질 끌지 심지어 무슨 멍때리는 것조차 질질끔. 툭하면 카메라보고 멍때리고 있는데 개승질남 모든 씬이 이런식의 연출로 이뤄짐. 아니 환타지코미디라길래 봤는데 시부례 이건 아니지 사람 호구로아나 이건 영화를 아예 모르는 영알못들이 주타켓이라고 보는게 나음. 한국 4망작이랑 시간낭비와 필름낭비의 수준이 비슷함"
"172","이웃집에 신이 산다","1","지루함. 프랑스영화종특인듯. 룩셈부르크랑 벨기에는 영화성자체가 없다고 보면됨. 우선 전개느려터짐. 작품성이라도 좋으면 참고 보지 작품성도 떨어짐 개연성은 처참함. 철학전공자로써 주제도 앞뒤가 안맞음 일단 무엇보다 이거보면 고구마 먹는 기분이 계속 되는데 빨리감기 하면서 봐야됨. 손가락책상신이 이영화 상징임 존나 볼것도없는데 질질 끔. 재미도없는 한명한명 이야기로 질질 끌지 심지어 무슨 멍때리는 것조차 질질끔. 툭하면 카메라보고 멍때리고 있는데 개승질남 모든 씬이 이런식의 연출로 이뤄짐. 아니 환타지코미디라길래 봤는데 시부례 이건 아니지 사람 호구로아나 이건 영화를 아예 모르는 영알못들이 주타켓이라고 보는게 나음. 한국 4망작이랑 시간낭비와 필름낭비의 수준이 비슷함"
"173","정직한 후보","10","실제상황이면 진짜웃길것같아요.선거철딱맞는 영화네요~재밌게잘봤습니다"
"174","원스 어폰 어 타임... 인 할리우드","6","티란티노 왈 : 내가 사랑하는 모든것. 근데 그게 감독 자신만의 취향이라 내게도 전부 통용되진 않는다."
"175","어거스트 러쉬","10","오직 음악만으로 가족을 찾는 영화"
"176","스쿨 오브 락","10","재밌긴한데 학교에서 락배우는게 아이들에게 색다른 경험같아 좋긴하지만 공부안해도  돼는겨?"
"177","사운드 오브 뮤직","10","동심적이고 아름다움"
"178","어벤져스: 엔드게임","8","이건 안볼이유도없고 최고그자체이다."
"179","투사부일체","10","진짜 당시 최고의 영화시리즈였다허나 현재는 여기 나온 선생님들처럼 했다간..."
"180","스폰지밥3D","8","팀워크에 대한 교훈을재대로 얻을수있다."
"181","콜 미 바이 유어 네임","10","연애세포가 살아나 버렸다."
"182","스케어리 스토리: 어둠의 속삭임","10","지금 뾰두락지 하나 생겼는데 영화속 뾰두락지 나오는거보고 진짜 무섭고 보는 내얼굴 일그러지고... 지금도 찌릿찌릿하다 영상미가 좋았던거 같다 풍경과 그시대 배경이 좋았음. 남자애들 둘이 좀 발암 유발했고 인도계 남주는 초반에 분위기 있었음. 막판으로 가면서 조금 지겹긴했는데 그렇게 쓰레기 영화는 아니라 생각됨. 초중반은 몰입됨. 2편으로 갈것같은 느낌인데 잘 나왔으면 좋겠다..."
"183","뺑반","1","영화보기 전 평점을 먼저 봐야하는 이유 : 영화관 1만원을 아끼기 위해"
"184","내셔널 트레져","6","???: ""보물은 사회에 환원되어야합니다."""
"185","레옹","10","진짜ㅜ 마음이 아려요 생각만하면"
"186","그대를 사랑합니다","10","가슴 먹먹하게 너무 많이 울었네요. 그대를 사랑합니다..."
"187","연애의 온도","10","영화 재밌게 잘 봤어요 도중에 끊지도 않고요배우들 연기도 좋고^^"
"188","엽문3: 최후의 대결","8","내가 오래 살았나보다...엽문 보고 질짰다..ㅠ우리엄마 죽을때 생각나서ㅜ"
"189","클래식","10","말이 필요없는 영화..."
"190","벼랑 위의 포뇨","10","사랑해 .. 귀여우ㅑ .. 흑"
